category,issue_description,ticket_number
Damaged Exhaust Manifold,"Excessive noise from the engine compartment may be attributed to a damaged exhaust manifold. This component is responsible for collecting exhaust gases from the engine's cylinders and directing them into the exhaust pipe. A damaged manifold can cause loud noises due to leaks or cracks, which allow exhaust gases to escape prematurely.

Upon inspection, if the manifold is found to be damaged, it will need to be replaced. This is a relatively straightforward repair that can be performed by a qualified mechanic. It is essential to address this issue promptly, as a damaged exhaust manifold can lead to further engine damage and decreased performance.

In summary, excessive engine noise may be caused by a damaged exhaust manifold. Replacement of the manifold is the recommended course of action to resolve the issue and prevent further damage.",f865d62
Damaged Exhaust Manifold,"Persistent burning smell noticed in vehicle, emanating from the engine compartment. The smell is consistent with that of burning oil or melting plastic. Upon inspection, no visible signs of oil leaks or damaged wiring were found. However, there are indications of a damaged exhaust manifold, which may be the source of the smell. The manifold appears cracked, potentially allowing hot exhaust gases to escape and come into contact with other components. This could lead to further damage and safety risks. It is recommended to replace the exhaust manifold as a potential resolution to the problem. Regular maintenance and inspections can help prevent similar issues in the future.",1b3c785
Overheated Turbocharger,"During a recent inspection, it was observed that the turbocharger turbine blades exhibited abnormal heat levels. While the exact cause of this issue is yet to be determined, it's possible that it may be related to an overheated turbocharger. The prolonged exposure to high temperatures could potentially lead to premature wear and tear of the blades, affecting the overall efficiency of the turbocharger.

To address this issue, it is recommended to conduct a thorough examination of the turbocharger system, focusing on potential causes of overheating. This may include checking the engine's cooling system, examining the turbocharger's wastegate or boost control, and inspecting the exhaust system for any restrictions.

Once the root cause has been identified, appropriate corrective actions can be taken to restore the turbocharger's optimal performance. Regular maintenance and timely inspections can help prevent similar issues in the future.",a6811f0
Overheated Turbocharger,"Based on the reported symptom of a steering column heat warning light activation, it's possible that the vehicle is experiencing an overheating issue. While the warning light is not directly related to the turbocharger, an overheated turbocharger could be a contributing factor to the overall heat increase in the vehicle's systems.

The steering column heat warning light typically indicates that the steering system is generating excessive heat, which could be due to various reasons such as low power steering fluid level, a faulty power steering pump, or a damaged power steering rack.

Given the potential connection to an overheating issue, it's recommended to inspect the turbocharger for any signs of overheating or damage. Additionally, checking the power steering system for any issues and topping up the power steering fluid if necessary could help resolve the steering column heat warning light activation.

In summary, the symptoms suggest a potential overheating issue in the vehicle, which could be related to the turbocharger. A thorough inspection of the turbocharger and the power steering system is",fd5a6bc
Overheated Turbocharger,"High temperature readings in the turbocharger gauge suggest a potential issue with the turbocharger. The overheating could be due to several reasons such as restricted airflow, insufficient lubrication, or a faulty wastegate. The prolonged operation of the turbocharger under such conditions can lead to significant damage. It is recommended to inspect the turbocharger system for any blockages, check the oil level and quality, and examine the wastegate for proper function. If any issues are identified, they should be addressed promptly to prevent further damage. Regular maintenance and timely resolution of identified issues can help ensure the longevity and optimal performance of the turbocharger.",7eb6b9f
Overheated Turbocharger,"During a recent inspection, a turbocharger was found to have a casing that was too hot to touch, indicating an overheating issue. This symptom suggests a potential problem with the turbocharger's cooling system or a restriction in the exhaust flow. The exact cause of the overheating is not yet determined, but potential factors could include a faulty wastegate, a damaged turbine, or a restricted air intake.

To address this issue, further investigation is required to identify the root cause. Potential next steps may include inspecting the wastegate and turbine for damage, checking the air intake for restrictions, and testing the cooling system for proper function. Once the cause is identified, appropriate repairs or replacements can be made to resolve the overheating issue and prevent further damage to the turbocharger.",dac099c
Overheated Turbocharger,"Excessive heat in the turbocharger discharge pipe may indicate an overheated turbocharger. This condition can lead to reduced engine performance and potential damage to components. Potential causes include restricted airflow, insufficient lubrication, or a faulty wastegate. To address this issue, consider inspecting the air intake and exhaust systems for blockages, ensuring proper oil levels, and examining the wastegate for proper function. If these steps do not resolve the problem, further diagnostics may be necessary to identify the root cause and implement appropriate repairs. Regular maintenance and monitoring of the turbocharger system can help prevent overheating and ensure optimal engine performance.",8467285
Overheated Turbocharger,"Increased temperature at the turbocharger inlet, beyond design limits, may indicate an overheated turbocharger. This symptom could be due to various factors, such as restricted airflow, excessive exhaust gases, or insufficient lubrication. The root cause must be identified to determine a resolution. Potential next steps include inspecting the air filtration system, evaluating the fuel injection system, and checking the turbocharger's oil supply. If these components are functioning correctly, further investigation may be necessary, such as monitoring the turbocharger's performance under different operating conditions. Regular maintenance and timely repairs can help prevent turbocharger overheating and ensure optimal engine performance.",f1f081d
Overheated Turbocharger,"During routine inspections, it was observed that the turbocharger housing exhibited unusual heat emission levels. This symptom could potentially be related to an overheated turbocharger, although a direct correlation cannot be established without further investigation.

The excessive heat emission may be attributed to various factors, such as restricted airflow, faulty turbocharger components, or issues with the lubrication system. To mitigate the risk of potential damage to the turbocharger, it is recommended to perform a thorough inspection of the system, focusing on the aforementioned areas.

Potential resolutions may include cleaning or replacing blocked air filters, repairing or replacing faulty components, or addressing any lubrication system issues. Regular maintenance and timely resolution of identified issues can help prevent further damage and ensure optimal performance of the turbocharger system.",5a3673b
Overheated Turbocharger,"Overheated turbocharger may lead to the symptom of the turbocharger housing exceeding safe touch temperature. This issue could be due to various reasons such as lack of lubrication, restricted airflow, or a faulty wastegate. The prolonged exposure to high temperatures can cause damage to the turbocharger and adjacent components, potentially leading to costly repairs. To address this problem, it is recommended to inspect the turbocharger system for any signs of damage or malfunction. Additionally, checking the engine oil level and quality, as well as the functionality of the intercooler and wastegate, can help identify the root cause. Regular maintenance and timely replacement of worn-out parts can prevent overheating and ensure the optimal performance of the turbocharger.",4d31ab4
Overheated Turbocharger,"Excessive exhaust pipe heat after engine shutdown may indicate an overheated turbocharger. Prolonged exposure to high temperatures can compromise the turbocharger's efficiency and longevity. The issue may be due to restricted oil flow, insufficient cooling, or a faulty turbocharger itself. To address this, consider inspecting the oil supply and cooling systems for any blockages or malfunctions. Additionally, examine the turbocharger for signs of damage or wear. If necessary, replace the turbocharger with a new unit. Regular maintenance and timely repairs can help prevent such issues and ensure optimal engine performance.",6815209
Worn Cylinder Head,"Cylinder head leaking coolant: Symptoms include persistent coolant loss, white smoke from the exhaust, and engine overheating. These issues may arise due to a worn cylinder head, which can lead to warping or cracking, causing a breach in the cooling system. The root cause could be excessive engine heat, frequent temperature fluctuations, or insufficient cooling. To address this, a thorough inspection of the cylinder head and cooling system is required. Potential resolutions may involve resurfacing or replacing the cylinder head, depending on the extent of the damage. Additionally, ensuring the cooling system is functioning optimally can help prevent future issues.",135441a
Worn Cylinder Head,"Cylinder heads exhibiting cracks or fractures can be a significant concern. These symptoms may not be directly related to a worn cylinder head, but they can still impact engine performance and longevity. Cracks can occur due to various reasons, such as overheating, excessive pressure, or material fatigue. They can lead to coolant or oil leaks, compression loss, and potentially severe engine damage if left unaddressed.

In some cases, minor cracks can be repaired through welding or metal stitching. However, if the damage is extensive, replacing the cylinder head may be necessary. Regular engine maintenance, including monitoring temperature and pressure levels, can help prevent such issues. It's essential to address these symptoms promptly to avoid costly repairs and ensure the engine's optimal performance.",b45c22a
Worn Cylinder Head,"Excessive heat detected in the cylinder head may indicate an issue with the component's integrity, potentially linked to wear. This condition can lead to suboptimal engine performance and increased fuel consumption. Potential causes include insufficient cooling, incorrect fuel injection timing, or excessive load. To address this, consider inspecting the cylinder head for signs of wear, such as cracks, warping, or excessive carbon buildup. Additionally, check the cooling system for proper function and the engine control unit for correct fuel injection timing. If wear is identified, replacing the cylinder head may be necessary to restore optimal engine performance.",7af8e03
Worn Cylinder Head,"Cylinder head exhibits symptoms of warping, evidenced by irregularities in shape and compromised sealing ability. This issue may lead to reduced engine performance, increased oil consumption, and potential coolant leakage. The warping may be attributed to prolonged exposure to high temperatures or excessive engine loads, which can cause the material to weaken and deform.

Although not directly stated, the symptoms suggest a possible connection to a worn cylinder head. The prolonged use and wear of the cylinder head may have contributed to its current state, exacerbating the warping symptoms.

A potential resolution for this problem includes resurfacing or replacing the cylinder head. Resurfacing can restore the cylinder head's flatness, while replacement ensures a new, undamaged part is installed. However, a thorough inspection is required to determine the most appropriate course of action, considering the extent of the damage and the overall condition of the engine.",d0e54cf
Worn Cylinder Head,"Cylinder head exhibits indications of distortion, potentially linked to prolonged use and wear. The distortion is evident in the uneven surface, which may lead to compromised sealing and potential leakage of gases. This issue could exacerbate over time, resulting in decreased engine performance and efficiency. A potential resolution may involve resurfacing or replacing the cylinder head, depending on the extent of the damage. Regular maintenance and inspection can help prevent such issues, ensuring optimal engine performance.",83c796d
Worn Cylinder Head,"Cylinder head gasket failure has led to coolant loss, which may be indicative of a more severe issue with the cylinder head. The gasket's failure could be due to various factors, including excessive heat, pressure, or age-related wear. However, the connection to a worn cylinder head is worth noting, as it may suggest that the head itself is no longer providing a proper seal, leading to the gasket's failure.

The symptoms of this issue include coolant loss, which may be visible as a leak or evident through low coolant levels in the reservoir. Additionally, there may be signs of overheating, such as a high temperature reading on the dashboard or steam coming from the engine bay.

While the situation may seem dire, there are potential resolutions. Replacing the failed gasket and inspecting the cylinder head for wear or damage is a logical next step. If the cylinder head is found to be worn, it may be necessary to replace or resurface it to ensure a proper seal. Regular",36cf025
Worn Cylinder Head,"Excessive oil consumption has been observed in the cylinder head, which may be related to the presence of a worn cylinder head. This wear could potentially lead to gaps or spaces that allow oil to seep into the combustion chamber, resulting in higher than normal oil consumption. The root cause of the wear should be investigated, which may include factors such as insufficient lubrication, excessive heat, or the use of subpar materials in the cylinder head's construction. Potential resolutions could involve repairing or replacing the worn cylinder head, ensuring proper lubrication, and addressing any issues that may be contributing to excessive heat buildup. Regular maintenance and inspections can also help prevent similar issues in the future.",588879a
Worn Cylinder Head,"Cylinder head exhibits signs of localized corrosion, particularly in the form of pitting and general wastage. This corrosion appears to be more pronounced in areas where the cylinder head is subject to higher stress and temperature levels. Although not a direct cause, the worn cylinder head may have contributed to the corrosion by reducing the overall structural integrity of the component.

The corrosion has resulted in thinning of the cylinder head material, which may lead to reduced load-bearing capacity and potential failure. The presence of corrosion products may also affect the sealing properties of the cylinder head, leading to potential leakage and reduced efficiency.

A potential resolution to this problem may involve repairing or replacing the cylinder head, depending on the extent of the corrosion damage. Non-destructive testing methods, such as ultrasonic testing, can be used to assess the remaining thickness of the cylinder head and determine the most appropriate course of action. Preventive measures, such as the use of corrosion-resistant materials and coatings, may also be considered to extend the service life of",725f5f4
Worn Cylinder Head,"In the cylinder head assembly, unusual noises have been observed, possibly indicating excessive wear. The sounds, reminiscent of a dull, repetitive clanging, are particularly noticeable during engine operation. This symptom may suggest a worn cylinder head, although further investigation is necessary to confirm.

Potential resolution could involve inspecting the cylinder head for signs of wear, such as grooves or scoring on the surface. If wear is evident, replacing the cylinder head may be necessary to prevent further damage and ensure optimal engine performance. Regular maintenance and timely replacement of worn parts can help extend the lifespan of the engine and reduce the risk of similar issues in the future.",d14b54b
Faulty Fuel Injector,"Erratic engine performance and increased emissions may be indicative of a faulty fuel injector. The symptoms include engine surging or hesitating during acceleration, rough idling, and a strong fuel odor. These issues arise when the fuel injector is unable to deliver the appropriate amount of fuel to the engine, causing an imbalance in the air-fuel mixture. This imbalance can lead to increased emissions and reduced engine efficiency. To address these symptoms, a thorough diagnosis of the fuel system is required. If the fuel injector is found to be faulty, replacement is typically the most effective solution. Regular maintenance and cleaning of the fuel system can help prevent future issues.",e35883c
Faulty Fuel Injector,"Intermittent power loss and engine stuttering may be indicative of a fuel injector issue. The symptoms suggest that the engine is not receiving a consistent fuel supply, which could be due to a faulty fuel injector. The injector may be clogged, dirty, or damaged, preventing it from delivering the correct amount of fuel to the engine. As a result, the engine may stutter or lose power unexpectedly. A potential resolution to this problem would be to clean or replace the faulty fuel injector. It is recommended to have the vehicle inspected by a professional mechanic to diagnose and address the issue accurately.",0931409
Faulty Fuel Injector,"Recent observations of decreased fuel efficiency and engine knocking suggest potential issues with the vehicle's fuel system. While no direct diagnosis of a faulty fuel injector has been made, the symptoms are consistent with such a problem. The decreased fuel efficiency may indicate that the fuel injector is not delivering the correct amount of fuel to the engine, leading to increased fuel consumption. The engine knocking may be a result of improper fuel combustion due to a malfunctioning fuel injector. Further investigation is required to confirm the diagnosis and determine the appropriate course of action. Potential next steps may include cleaning or replacing the fuel injector to restore optimal engine performance and fuel efficiency.",98a4111
Faulty Fuel Injector,"Intermittent rough idling and engine misfire are common symptoms of a faulty fuel injector. The engine may shake or vibrate, especially during idling, and there may be a noticeable loss of power during acceleration. These issues occur when the fuel injector fails to deliver the correct amount of fuel to the engine, causing an imbalance in the air-fuel mixture. The potential resolution to this problem includes cleaning or replacing the faulty fuel injector. A thorough diagnostic test is recommended to confirm the issue and determine the best course of action. Regular maintenance and cleaning of fuel injectors can help prevent these issues in the future.",9861e3c
Faulty Fuel Injector,"""During idling, the engine has been exhibiting unusual noise and vibration. The symptoms may suggest a potential issue with the fuel injector, although further investigation is required to confirm. The fuel injector's malfunction could lead to irregular fuel supply, causing the engine to vibrate and generate atypical sounds. To address this problem, a thorough inspection of the fuel injector is recommended, including checking for clogs, leaks, or electrical issues. If the fuel injector is found to be faulty, replacement may be necessary to restore optimal engine performance.""",c29f0cb
Faulty Fuel Injector,"Intermittent power loss and engine stuttering have been observed. These symptoms may be linked to a malfunctioning fuel injector, although a direct correlation cannot be confirmed at this stage. The fuel injector may be dirty or clogged, causing irregular fuel flow and resulting in the observed issues. A potential resolution could involve cleaning or replacing the fuel injector. It is recommended to conduct a thorough diagnostic check to identify the root cause and determine the most effective course of action.",0f79c30
Faulty Fuel Injector,"""Engine stuttering during acceleration may indicate a faulty fuel injector. The injector may be dirty or clogged, causing an uneven fuel supply to the engine. This can result in hesitation or stuttering during acceleration. A potential resolution could be to clean or replace the fuel injector. It is recommended to have a professional inspection to accurately diagnose and address the issue.""",d38cac3
Faulty Fuel Injector,"Engine surging and hesitation during acceleration may indicate a potential issue with the fuel delivery system, possibly a faulty fuel injector. The symptoms suggest an inconsistent fuel supply to the engine, causing it to surge or hesitate. This could be due to a clogged injector, a failed solenoid, or a wiring issue. A thorough diagnostic check is recommended to identify the root cause. If the fuel injector is indeed faulty, cleaning or replacing it may resolve the problem. However, further investigation is necessary to confirm the diagnosis and determine the most effective course of action.",1915044
Leaking Coolant Hose,"During a recent inspection, evidence of a possible issue with the coolant hose was discovered. The hose exhibited signs of moisture, with droplets present along its length. This observation suggests a potential leak in the coolant hose, which could lead to further complications if left unaddressed.

To resolve this issue, a thorough examination of the hose and surrounding components is recommended. If a leak is confirmed, the affected section of the hose may need to be replaced. It is also advisable to check the clamps and connections for any signs of wear or damage, as these may contribute to or indicate the presence of a leak.

In conclusion, the presence of moisture on the coolant hose suggests a potential leak, which should be investigated and addressed promptly to prevent further issues.",f6e9891
Leaking Coolant Hose,"During a routine inspection, evidence of coolant hose degradation was observed, characterized by condensation along the hose surface. This symptom may suggest a developing leak, although further investigation is required to confirm. The presence of coolant residue or puddles in the vicinity of the hose would strengthen this hypothesis.

To address this issue, a thorough examination of the coolant hose and surrounding components is recommended. If a leak is identified, replacement of the affected hose segment would be the most effective solution. Regular monitoring of the cooling system's condition can help prevent future leaks and ensure optimal performance.",43a51d3
Leaking Coolant Hose,"Observations of a damp coolant hose near the connection point suggest a possible leak. The moisture accumulation may indicate a gradual seepage of coolant, which could worsen over time if left unaddressed. This observation, while not definitively confirming a leaking coolant hose, does align with symptoms commonly associated with such an issue.

To determine the root cause and assess the need for repairs, further investigation is required. Potential next steps may include a thorough visual inspection of the entire hose length, checking for any signs of cracks, bulges, or other damage. Additionally, pressure testing the cooling system can help identify any leaks that may not be readily visible.

In conclusion, while the observed symptoms do not yet confirm a leaking coolant hose, they do warrant further investigation to identify the source of the moisture and determine if repairs are necessary.",5e4056e
Leaking Coolant Hose,"Vehicle inspection reveals a coolant hose exhibiting signs of leakage at the radiator connection. The hose appears to be deteriorating, with visible cracks and swelling near the fitting. This issue may be attributed to prolonged exposure to high temperatures, causing the material to break down and leak.

The leakage is significant, with coolant pooling beneath the vehicle. This situation could lead to coolant loss, potentially causing engine overheating and severe damage if left unaddressed.

To resolve the problem, I recommend replacing the affected coolant hose with a new, durable one. Additionally, inspecting other coolant hoses for similar wear and tear would be prudent to prevent future leaks. Regular coolant system maintenance, including hose inspections and timely replacements, can help avoid such issues and ensure the vehicle's optimal performance.",41b1342
Leaking Coolant Hose,"During a routine inspection, evidence of a potential issue with the coolant hose was discovered. The hose exhibited beads of moisture, which could indicate the early stages of a leak. While the hose has not yet failed, it is essential to monitor the situation closely to prevent any potential engine damage. The presence of moisture on the hose suggests that the material may be degrading, which could eventually lead to a leak. To address this issue, it is recommended to closely inspect the hose for any signs of cracking or bulging and replace it if necessary. Additionally, it may be beneficial to check the coolant level and top it off if needed to ensure optimal engine performance.",9609ccb
Leaking Coolant Hose,"During a routine inspection, evidence of coolant hose degradation was observed. The hose's surface displayed consistent dampness, suggesting a slow leak. This issue may worsen over time, potentially leading to more significant problems, such as engine overheating or coolant loss.

To address this, a thorough examination of the coolant hose is recommended, focusing on identifying any cracks, bulges, or other signs of damage. If the hose is found to be faulty, replacement with a new, durable component is advised. Regular monitoring of the cooling system's performance and coolant levels is also suggested to ensure early detection of any potential issues.",35e56a2
Leaking Coolant Hose,"During routine inspection, moisture accumulation was detected around the coolant hose clamp. This observation may suggest a potential issue with the hose, possibly a minor leak or seepage. The moisture could be a result of a not-yet-visible rupture or a loose clamp. It is essential to monitor the hose for further signs of leakage, such as coolant puddles or drops, and perform a pressure test if necessary. If a leak is confirmed, replacing the hose would be the most effective solution to prevent potential engine overheating and subsequent damage. Regular system checks and timely maintenance can help avoid severe consequences and ensure the engine's optimal performance.",9a0b95e
Leaking Coolant Hose,"Based on the observed symptoms, there is moisture present near the thermostat housing, which may indicate a potential issue with the coolant hose in that area. The moisture could be a result of a slow leak, which may worsen over time if not addressed. It is recommended to inspect the coolant hose for any signs of damage, such as cracks, bulges, or wear, which could be contributing to the leak. If damage is found, the coolant hose may need to be replaced to prevent further issues. Additionally, it may be beneficial to check the tightness of the hose clamps and ensure that the thermostat housing is securely fastened. Regular monitoring of the coolant level in the system is also advised to detect any potential leaks early on.",c272ad9
Leaking Coolant Hose,"Vehicle exhibits signs of a coolant leak, with fluid accumulation on the engine block. The hose in question appears to be the source of the leak, showing signs of seepage. This suggests a potential issue with the hose's integrity, possibly due to wear, damage, or a faulty connection.

Next steps would involve a thorough inspection of the coolant hose and the surrounding area for any additional signs of leakage. If the hose is indeed the culprit, it may need to be replaced. It's also recommended to check the vehicle's coolant levels and top up as necessary to prevent any potential engine damage from overheating.

In conclusion, the symptoms point to a leaking coolant hose, which can be resolved with a replacement and appropriate coolant level maintenance.",547d402
Leaking Coolant Hose,"Based on the observed moisture on the coolant hose near the water pump, it appears there may be a leak in the hose. This could be due to age-related wear and tear, damage to the hose, or a faulty connection. The presence of moisture is a common symptom of a leaking coolant hose, which can lead to coolant loss and potential engine overheating if left unaddressed.

To confirm the diagnosis, a visual inspection of the hose and water pump connection is recommended. If a leak is identified, the hose should be replaced to prevent further issues. It is also recommended to check the coolant level and top it up if necessary. Regular maintenance and inspection of coolant hoses can help prevent future leaks and ensure the efficient operation of the engine.",c8243c6
Faulty Crankshaft Sensor,"Intermittent check engine light activation may be attributed to a faulty crankshaft position sensor. The sensor may be providing irregular readings, triggering the engine control unit to activate the check engine light. This issue could lead to difficulties in engine starting and stalling, as the sensor is crucial for engine timing and fuel injection calculations. A potential resolution includes replacing the crankshaft position sensor with a new, functioning unit. Prior to replacement, a diagnostic test should be performed to confirm the sensor's malfunction and rule out other potential causes.",0abb1de
Faulty Crankshaft Sensor,"Intermittent engine surging may be attributed to a faulty crankshaft sensor. The sensor's role in monitoring the crankshaft's position and speed is crucial for optimal engine performance. Inconsistent data from a malfunctioning sensor can cause the engine control unit to incorrectly adjust fuel injection and ignition timing, leading to surging.

The issue may be resolved by replacing the crankshaft sensor. Prior to replacement, it is recommended to perform a diagnostic test to confirm the sensor's malfunction. If the sensor is found to be faulty, replacement with a new, high-quality sensor should restore proper engine operation.

In summary, intermittent engine surging may be caused by a faulty crankshaft sensor. Diagnostic testing and sensor replacement are potential resolutions to this issue.",56fdd92
Faulty Crankshaft Sensor,"Hesitation in engine acceleration, accompanied by intermittent power loss, may be indicative of a malfunctioning crankshaft sensor. The crankshaft sensor plays a crucial role in engine control and performance, providing real-time information about the engine's speed and position. A faulty sensor can cause the engine control unit (ECU) to receive inaccurate data, leading to improper fuel injection and ignition timing. This, in turn, can result in engine hesitation during acceleration.

To diagnose the issue, a thorough inspection of the crankshaft sensor and its wiring should be performed. Additionally, scanning the ECU for trouble codes can help identify any sensor-related issues. If the sensor is found to be faulty, replacement with a new, functioning unit should resolve the problem. Regular maintenance and inspection of the crankshaft sensor can help prevent such issues and ensure optimal engine performance.",c2acff6
Faulty Crankshaft Sensor,"Vehicle exhibits irregular engine idle, a common symptom of a faulty crankshaft sensor. The engine may stumble or hesitate during acceleration, and the check engine light may be illuminated. The root cause is likely a malfunctioning crankshaft position sensor, which provides critical information to the engine control module for ignition and fuel injection timing. A replacement of the sensor is the recommended course of action, followed by a system reset and test drive to verify the repair. Regular maintenance and monitoring of the vehicle's performance can help prevent future issues.",d0db04b
Faulty Crankshaft Sensor,"Engine stalling, particularly during idling or low speeds, may indicate a faulty crankshaft sensor. This sensor plays a crucial role in monitoring the engine's crankshaft speed and position, providing essential data for the engine control module (ECM) to manage ignition and fuel injection. A malfunctioning crankshaft sensor can cause intermittent or complete loss of these critical signals, leading to engine stalling.

Potential next steps include:

1. Diagnostic testing: Utilize an OBD-II scanner to retrieve trouble codes stored in the ECM, which may confirm crankshaft sensor issues.
2. Visual inspection: Examine the crankshaft sensor and its wiring for any visible damage or corrosion.
3. Sensor replacement: If the sensor is found to be faulty, replace it with a new, high-quality component to ensure optimal engine performance.

In conclusion, engine stalling symptoms suggest a potential relationship with a faulty crankshaft sensor. Diagnostic testing and inspection can confirm the issue, and sensor replacement may be a viable resolution.",d4ad6aa
Faulty Crankshaft Sensor,"Engine stuttering has been observed, which may be indicative of a faulty crankshaft sensor. The sensor's role in monitoring the crankshaft's position and speed is crucial for optimal engine performance. A malfunctioning sensor can cause intermittent stuttering or hesitation in the engine, as the vehicle's computer struggles to receive accurate information. This issue may worsen over time, potentially leading to more severe engine problems.

A thorough diagnostic assessment is recommended to confirm the source of the stuttering. If the crankshaft sensor is indeed found to be faulty, replacing it with a new, functioning sensor should resolve the engine stuttering issue. Regular maintenance and timely replacement of worn-out parts can help prevent such problems and ensure the engine's longevity.",ac1ce73
Faulty Crankshaft Sensor,"Erratic engine RPM readings may be attributed to a malfunctioning crankshaft sensor. The sensor provides critical information to the engine control unit (ECU) for optimal engine performance. Irregular readings can lead to engine hesitation, stalling, or difficulty in starting. The root cause may be a faulty crankshaft sensor, which can be affected by factors such as excessive heat, vibration, or wiring issues. A potential resolution involves replacing the crankshaft sensor with a new, high-quality component. Prior to replacement, a thorough diagnostic check is recommended to confirm the source of the issue and ensure accurate resolution.",184f076
Faulty Crankshaft Sensor,"Intermittent engine misfires have been observed, potentially linked to a faulty crankshaft sensor. The sensor's role in monitoring the engine's rotational speed and position is crucial for optimal performance. A malfunctioning sensor can cause irregular ignition timing, leading to misfires. The issue may be intermittent due to the sensor's sporadic functioning, possibly caused by wiring issues, sensor damage, or magnetic interference.

Potential resolution includes thorough diagnostics to confirm the crankshaft sensor as the culprit. Once confirmed, replacing the sensor with a new, high-quality component should restore normal engine operation. Regular maintenance and system checks can help prevent similar issues in the future.",da93f48
Defective Engine Mount,"Intermittent knocking sound from the engine compartment may be related to increased vibration, possibly due to a faulty engine mount. This connection is suggested by the fact that a defective engine mount can lead to excessive movement and vibration in the engine compartment. The knocking sound may be a result of the engine coming into contact with other components due to insufficient support.

A potential resolution could involve inspecting and possibly replacing the engine mount. This would help stabilize the engine and reduce vibration, potentially eliminating the knocking sound. However, a thorough diagnostic evaluation is necessary to confirm the source of the issue and determine the most appropriate course of action.",5e70328
Defective Engine Mount,"Continuous buzzing noise emanating from the vicinity of the engine mounts may suggest a potential issue with the mounts themselves. This noise could be due to the engine's movement being inadequately dampened, causing a resonating sound. The engine mounts may be worn, damaged, or defective, leading to this symptom. A thorough inspection of the engine mounts is recommended to identify any signs of wear, cracks, or separation of the rubber from the metal components. If the mounts are found to be defective, replacing them with new, high-quality mounts should resolve the issue. Regular maintenance and timely replacement of worn-out parts can help prevent such problems and ensure the optimal performance of the vehicle.",09bf712
Defective Engine Mount,"Persistent engine noise during operation may indicate a potential issue with the engine mount. The noise, which appears to be related to engine function, suggests a possible defect in the engine mount's ability to isolate and dampen vibrations. This could lead to increased noise levels and potentially other related issues if left unaddressed. A thorough inspection of the engine mount is recommended to determine the root cause of the noise. If a defect is found, replacing the engine mount could resolve the persistent engine noise. Regular maintenance and monitoring of the engine mount's condition can help prevent similar issues in the future.",6da0768
Defective Engine Mount,"""Vehicle exhibits a clunking noise during gear shifts, which may be indicative of a potential issue with the engine mount. While the noise is not a direct symptom of a defective engine mount, it could be a secondary effect due to increased vibration or movement of the engine. A thorough inspection of the engine mount and related components is recommended to identify any signs of wear, damage, or misalignment. If the engine mount is found to be defective, replacement may be necessary to resolve the clunking noise and prevent further damage. Regular maintenance and timely resolution of identified issues can help ensure optimal vehicle performance and longevity.""",caddd87
Defective Engine Mount,"Excessive engine vibration during idling may indicate a potential issue with the engine mount. The vibration is likely due to increased movement and instability in the engine, which can be caused by a defective engine mount. This issue may worsen over time, leading to further complications if left unaddressed. A thorough inspection of the engine mount is recommended to determine the root cause of the vibration. If the engine mount is found to be defective, replacement may be necessary to resolve the issue and ensure the safe and efficient operation of the vehicle. Regular maintenance and inspections can help prevent such issues in the future.",2b9db63
Defective Engine Mount,"During routine vehicle inspection, a consistent rattling sound was detected in close proximity to the engine mounts. This symptom may suggest a potential issue with the engine mounts, although a direct correlation cannot be confirmed without further investigation. The rattling sound is persistent and occurs regardless of engine speed or vehicle movement, which may indicate a loss of structural integrity in the engine mounts. A thorough examination of the engine mounts is recommended to identify any signs of wear, damage, or failure. If the engine mounts are found to be defective, replacement with new, OEM-approved parts is advised to ensure optimal vehicle performance and safety.",0f89487
Defective Engine Mount,"""Vehicle exhibits atypical engine movement during acceleration, potentially indicative of a underlying issue with the engine mounting system. The engine may not be properly secured, leading to excessive movement and vibration. This could be due to a defective engine mount, although further investigation is required to confirm. A thorough inspection of the engine mounts is recommended to determine the root cause of the problem. If a defective engine mount is identified, replacement may be necessary to resolve the issue and ensure optimal vehicle performance.""",1ad9599
Defective Engine Mount,"Intense vibration in the steering wheel is observed during engine operation, particularly at higher RPMs. This could be attributed to a potential issue with the engine mount, as it's responsible for absorbing vibrations. A defective engine mount may fail to isolate these vibrations, leading to the observed symptoms. It's recommended to inspect the engine mount for any signs of damage or wear. If found defective, replacing the engine mount could potentially resolve the vibration issue. Regular vehicle maintenance and timely part replacement can help prevent such problems and ensure optimal performance.",3f2d069
Faulty Alternator Belt,"Whining noise emanating from the engine compartment, coupled with dimming headlights, may suggest a potential issue with the alternator belt. The whining noise could be due to the belt slipping or wearing out, which in turn may affect the alternator's performance, leading to insufficient power supply to the vehicle's electrical systems, hence the dimming headlights. It is recommended to inspect the alternator belt for any signs of wear, tear, or misalignment. If the belt is found to be damaged, it should be replaced to prevent further complications. Regular maintenance and timely replacement of worn-out parts can help ensure the vehicle's optimal performance and longevity.",e47c7e2
Faulty Alternator Belt,"Symptoms: Intermittent battery charging, accompanied by a squealing noise from the alternator belt. The noise is more pronounced during acceleration and tends to subside at constant speeds. This suggests a possible issue with the alternator belt, which may be slipping or misaligned, causing inconsistent battery charging and the observed noise.

Potential Resolution: A thorough inspection of the alternator belt and associated components is recommended. The belt tension should be checked and adjusted if necessary. If the belt is found to be worn, damaged, or glazed, it should be replaced. Additionally, the pulley system should be examined for any misalignment or damage. Addressing these issues should resolve the reported symptoms and ensure the proper functioning of the charging system.",9ff6bd6
Faulty Alternator Belt,"Intermittent power loss observed, potentially linked to a malfunctioning alternator belt. The belt may be slipping, causing fluctuations in the electrical system. This could lead to inconsistent power delivery and potential damage to other components. A thorough inspection of the alternator belt and associated components is recommended. If the belt is found to be worn, damaged, or improperly tensioned, replacement or adjustment should be performed. Regular maintenance and timely replacement of worn parts can help prevent such issues and ensure optimal vehicle performance.",1dd82b2
Faulty Alternator Belt,"During routine vehicle operation, a whirring sound and intermittent dimming of headlights were observed. These symptoms may suggest a malfunction in the electrical system, potentially related to the alternator belt. The alternator belt is responsible for powering the vehicle's electrical systems and charging the battery. If the belt is worn or damaged, it may cause fluctuations in the electrical system, leading to the observed symptoms. A visual inspection of the alternator belt is recommended to determine if it is the source of the issue. If the belt is found to be faulty, replacement with a new one may resolve the problem. Regular maintenance and inspection of the vehicle's electrical system can help prevent such issues in the future.",da939d2
Faulty Alternator Belt,"Based on the reported symptoms of a growling noise and flickering dashboard lights, there are indications of a potential issue with the vehicle's electrical system. Specifically, these symptoms may suggest a problem with the alternator belt. A faulty alternator belt may cause the alternator to malfunction, leading to insufficient power supply to the vehicle's electrical components, resulting in the observed symptoms.

To further investigate this possibility, it is recommended to perform a visual inspection of the alternator belt for any signs of wear, damage, or misalignment. Additionally, using a multimeter to check the voltage output of the alternator can help determine if it is functioning properly. If the alternator belt is found to be faulty, replacing it with a new one may resolve the issue. However, further diagnostic tests may be necessary to confirm the root cause of the problem and ensure that all electrical components are functioning correctly.",90d106b
Faulty Alternator Belt,"""Vehicle exhibiting symptoms of a struggling battery, indicated by the warning light on the dashboard. The engine appears to be working harder than usual, likely due to an underlying issue with the alternator belt, which is not directly related to the battery. The alternator belt may be worn or damaged, causing it to slip and fail to charge the battery properly. As a result, the battery is draining faster than normal and struggling to keep up with the vehicle's electrical demands. A potential resolution would be to inspect and replace the alternator belt if necessary. This should restore the proper functioning of the alternator and alleviate the strain on the battery.""",12a26e3
Fuel System Fault,"Erratic fuel injector behavior observed, potentially linked to Fuel System Fault. Injectors exhibit inconsistent fuel flow and spray patterns, causing engine performance issues. Root cause may include contaminated fuel, faulty injector components, or electrical problems. Potential resolution involves cleaning or replacing fuel injectors, addressing fuel contamination, or repairing electrical faults. Thorough diagnosis required to identify specific cause and determine appropriate corrective action.",8a0198c
Fuel System Fault,"Fuel system fault symptoms observed include intermittent fuel pressure fluctuations. These variations in fuel pressure may lead to inconsistent engine performance and reduced efficiency. The root cause may be associated with fuel pump malfunction, restricted fuel filter, or faulty pressure regulator. It is recommended to inspect and test these components to identify the source of the issue. If a component is found to be defective, replacement may be necessary to restore normal fuel pressure and system operation. Regular maintenance and timely replacement of worn-out parts can help prevent such issues in the future.",22a3633
Fuel System Fault,"Fuel system warning light has illuminated, indicating a fault in the fuel system. The vehicle may be experiencing issues with fuel delivery, such as a blocked fuel filter or a faulty fuel pump, leading to reduced engine performance. Additionally, there could be a problem with the fuel pressure regulator, causing the fuel system to operate outside of its normal parameters. It is recommended to perform a diagnostic check to identify the specific cause of the fault and determine the necessary repairs. Regular maintenance, such as fuel filter replacement, can help prevent similar issues in the future.",3d5a51b
Fuel System Fault,"Intermittent fuel pump operation may indicate a developing issue within the fuel system. The fault may not be directly attributed to the fuel pump itself, but rather associated components or electrical systems. Potential causes could include faulty wiring, a failing relay, or a clogged fuel filter. These issues may lead to irregular fuel flow, causing the observed symptoms. It is recommended to perform a thorough inspection of the fuel system, focusing on electrical connections and the condition of the fuel filter. Additionally, checking for any stored diagnostic trouble codes may provide further insight into the root cause. Based on the information provided, a potential resolution may involve repairing or replacing affected components.",12ec2e8
Fuel System Fault,"Vehicle exhibits inconsistent fuel gauge readings, displaying incorrect fuel levels. This issue may be related to a Fuel System Fault, although a direct correlation cannot be confirmed without further investigation. The fuel gauge's erratic behavior could be due to a faulty sensor, damaged wiring, or a malfunctioning instrument cluster. A potential resolution may involve inspecting and testing the fuel gauge sender unit, checking the wiring for any signs of damage or corrosion, and examining the instrument cluster for any malfunctions. If any of these components are found to be faulty, they may need to be repaired or replaced. It is recommended to perform a thorough diagnostic evaluation to identify the root cause and determine the most appropriate course of action.",a06652b
Fuel System Fault,"Fuel System Fault may be contributing to decreased fuel efficiency. The vehicle's fuel system should be inspected for any issues, such as restricted fuel filters, damaged fuel pumps, or faulty fuel injectors. These problems can lead to an imbalance in the air-fuel mixture, causing the engine to work harder and consume more fuel. Additionally, improper tire pressure, worn-out spark plugs, or transmission problems can also result in decreased fuel efficiency. A comprehensive vehicle inspection and diagnostic test are recommended to identify the root cause and determine potential resolutions. Regular maintenance, such as oil changes and tire rotations, can help prevent decreased fuel efficiency and prolong the vehicle's lifespan.",52efbab
Malfunctioning Oil Pump,"Serial observations of consistently low oil pressure readings in the vehicle suggest a potential issue with the oil pump's efficiency. The oil pump may not be distributing sufficient oil to critical engine components, leading to suboptimal lubrication and increased friction. This could potentially cause long-term damage to the engine if left unaddressed.

Next steps may include a thorough inspection of the oil pump and related components for any signs of wear, blockages, or malfunctions. If the oil pump is found to be malfunctioning, replacement with a new unit may be necessary to ensure optimal engine performance and longevity. Regular oil changes and using high-quality oil can also help maintain appropriate oil pressure levels.",22e302e
Malfunctioning Oil Pump,"Fluctuating oil pressure levels have been observed, potentially indicative of an underlying issue with the oil pump. The oil pressure appears to drop intermittently, followed by a sudden surge, which may suggest irregular pumping or restricted oil flow. This behavior could be attributed to various factors, such as wear and tear, clogged oil pump screens, or issues with the pressure relief valve.

To further investigate, it is recommended to inspect the oil pump and its components for any signs of damage or blockage. Additionally, monitoring the oil pressure using a mechanical gauge can provide more accurate readings and help identify any patterns or trends in the pressure fluctuations.

If the oil pump is found to be malfunctioning, replacing it with a new unit may be necessary to ensure optimal engine performance and prevent potential damage. Regular oil changes and maintenance can also help prolong the life of the oil pump and prevent similar issues in the future.",49c9b8a
Malfunctioning Oil Pump,"Intermittent oil pressure drops have been observed, potentially indicative of a malfunctioning oil pump. The issue may cause inconsistent oil flow to the engine, leading to suboptimal lubrication and increased wear of critical components. Potential contributing factors include pump wear, blockages in the oil pickup tube, or issues with the oil pressure sensor. To address this, consider inspecting the oil pump and related components for signs of damage or wear. Additionally, cleaning or replacing the oil pickup tube and verifying the functionality of the oil pressure sensor may help resolve the issue. Regular oil changes and using high-quality oil can also prevent potential pump-related problems.",4a14e74
Damaged Exhaust Manifold,"Continuous tapping sound emanating from the engine during operation may suggest a potential issue with the exhaust manifold. While the symptoms do not directly point to a damaged exhaust manifold, it is a possibility worth considering. The tapping sound could be due to a leak in the manifold or a loose manifold bolt. A thorough inspection of the exhaust manifold is recommended to identify the root cause of the symptom. If a damaged exhaust manifold is confirmed, replacing it with a new one could resolve the issue. However, further diagnostics may be necessary to rule out other potential causes of the tapping sound.",d67114e
Damaged Exhaust Manifold,"Increased engine backfire during acceleration may indicate a damaged exhaust manifold. The noise and loss of power during acceleration could be due to a leak in the manifold, allowing exhaust gases to escape prematurely. This can cause the engine to run less efficiently and potentially damage other components. A thorough inspection of the exhaust manifold is recommended to confirm the diagnosis. If damaged, replacement of the manifold would likely resolve the issue. Regular maintenance and timely repair of any exhaust system issues can help prevent similar problems in the future.",0a3a54b
Damaged Exhaust Manifold,"Intermittent hissing sound from engine, potentially linked to a damaged exhaust manifold. The noise may indicate a leak in the manifold or associated gasket, causing exhaust fumes to escape. This issue can lead to decreased engine performance, reduced fuel efficiency, and potentially harmful emissions. A thorough inspection of the exhaust manifold and gasket is required to confirm the damage. If the manifold is damaged, it may need to be replaced. In some cases, repairing or replacing the gasket may resolve the issue. It is recommended to address this problem promptly to prevent further damage and ensure safe vehicle operation.",dc72a56
Damaged Exhaust Manifold,"Visible crack observed on the exhaust manifold. This damage may cause leakage of harmful gases, affecting the vehicle's emissions and performance. The crack's location and size will determine the extent of the issue. Potential resolution includes repairing the crack or replacing the manifold, depending on the severity of the damage. A thorough inspection is recommended to assess the full impact of the damage and determine the most appropriate course of action.",7341f2e
Damaged Exhaust Manifold,"Unusual vibrations have been observed in the engine compartment, which may be related to a damaged exhaust manifold. The vibrations are likely a result of the exhaust manifold's compromised structural integrity, causing instability in the surrounding components. A thorough inspection of the exhaust manifold is recommended to confirm the damage and assess the extent of the repairs needed. If the manifold is indeed damaged, it will need to be replaced to ensure the safe and efficient operation of the engine. It is essential to address this issue promptly to prevent further damage to the engine and avoid potential safety hazards.",c4111a4
